followers,follows,gender,is_private,is_verified,is_joined_recently,is_business_account,label
1868,725,2,0,0,0,0,not_follow_back
3550,3581,0,0,0,1,0,follow_back
3180,2947,2,1,1,0,0,not_follow_back
1655,3050,0,0,0,1,0,follow_back
2122,3099,0,1,1,1,0,follow_back
2602,1438,2,0,0,0,0,not_follow_back
3513,1202,0,0,1,0,0,not_follow_back
3732,3933,0,1,1,1,0,follow_back
1415,2901,1,1,1,0,0,follow_back
3727,2276,1,1,1,1,1,not_follow_back
1437,1266,0,1,0,0,1,not_follow_back
2509,1912,2,1,1,1,0,not_follow_back
594,3723,1,0,0,1,0,follow_back
1481,3424,1,0,0,0,0,follow_back
3687,3363,2,0,0,1,0,not_follow_back
672,698,2,0,1,1,0,follow_back
2852,1246,0,1,0,0,1,not_follow_back
3888,3589,1,1,1,0,1,not_follow_back
3822,3016,1,1,1,0,1,not_follow_back
727,1986,2,1,1,1,0,follow_back
582,1000,1,1,1,0,0,follow_back
2497,2151,1,0,1,1,1,not_follow_back
987,635,2,1,0,1,0,not_follow_back
2306,3870,1,0,1,1,0,follow_back
1935,279,1,0,0,0,1,not_follow_back
1646,2259,2,1,1,1,0,follow_back
3833,1299,1,1,1,1,0,not_follow_back
770,1324,1,1,1,0,0,follow_back
779,2021,2,1,1,1,0,follow_back
2644,577,2,1,0,1,0,not_follow_back
2799,1709,1,1,1,0,0,not_follow_back
435,3793,2,1,0,1,0,follow_back
67,2928,1,1,1,1,0,follow_back
10,2472,1,1,0,1,0,follow_back
3358,52,1,1,1,0,0,not_follow_back
2978,69,2,0,0,1,1,not_follow_back
827,893,0,0,1,0,0,follow_back
482,3655,0,0,1,0,0,follow_back
538,2568,2,0,0,0,0,follow_back
3255,1053,1,1,0,1,0,not_follow_back
3186,2253,1,1,1,1,1,not_follow_back
489,3525,2,0,1,0,0,follow_back
1252,1805,1,1,0,1,0,follow_back
137,2517,0,1,0,1,0,follow_back
588,3627,2,1,1,0,0,follow_back
3875,929,0,1,0,0,0,not_follow_back
3803,3790,2,0,0,1,0,not_follow_back
410,371,1,0,0,1,1,not_follow_back
2276,1929,1,1,1,0,0,not_follow_back
1265,2700,1,1,0,1,0,follow_back
3556,221,1,1,1,1,0,not_follow_back
257,1591,1,0,1,0,0,follow_back
3319,649,0,1,1,0,0,not_follow_back
3461,3816,2,0,1,0,0,follow_back
910,1734,1,1,1,0,0,follow_back
1262,156,2,0,0,0,0,not_follow_back
3105,2891,0,0,0,0,1,not_follow_back
1515,1872,2,1,0,1,0,follow_back
1151,3524,0,1,0,0,0,follow_back
2629,1967,2,0,0,1,0,not_follow_back
1023,3643,1,0,1,1,0,follow_back
3759,230,2,1,1,1,1,not_follow_back
2176,3390,0,1,1,1,0,follow_back
1422,1011,2,1,1,1,0,not_follow_back
3326,2191,2,0,0,1,0,not_follow_back
1555,2305,1,1,0,0,0,follow_back
67,3081,2,1,1,1,0,follow_back
3504,347,1,1,0,0,0,not_follow_back
1559,3338,1,1,0,1,0,follow_back
1654,971,1,1,1,1,1,not_follow_back
1225,1878,2,1,1,1,0,follow_back
3053,2788,0,0,0,0,1,not_follow_back
2795,3692,1,0,0,1,0,follow_back
1022,1457,0,1,1,0,0,follow_back
2492,3966,1,0,0,1,0,follow_back
3815,2203,0,1,1,1,0,not_follow_back
1922,2016,0,1,0,0,0,follow_back
2918,2668,0,1,0,1,1,not_follow_back
1051,2400,0,0,1,0,0,follow_back
786,2860,1,1,0,0,0,follow_back
2418,2854,2,1,1,1,0,follow_back
2702,1545,0,0,1,1,0,not_follow_back
3513,1811,1,0,1,0,1,not_follow_back
2447,1741,0,0,0,0,1,not_follow_back
752,3932,2,0,0,1,0,follow_back
1805,3327,1,0,0,0,0,follow_back
1438,982,0,1,1,0,1,not_follow_back
2359,3390,1,1,1,0,0,follow_back
2125,34,0,0,1,1,0,not_follow_back
518,3070,2,1,0,0,0,follow_back
51,2620,0,1,0,0,0,follow_back
989,773,0,1,1,0,1,not_follow_back
274,2954,0,1,0,1,0,follow_back
2227,3305,2,0,1,0,0,follow_back
3861,3660,1,1,1,0,1,not_follow_back
1316,3391,2,1,1,0,0,follow_back
1627,1066,1,1,1,0,1,not_follow_back
3256,300,1,1,0,1,0,not_follow_back
2008,992,1,0,0,1,1,not_follow_back
3555,2245,0,1,0,0,0,not_follow_back
1862,333,1,0,1,1,1,not_follow_back
2309,2610,0,1,1,1,0,follow_back
3961,3491,1,1,1,0,0,not_follow_back
3899,3825,1,1,0,0,0,not_follow_back
3920,3855,1,1,1,0,0,not_follow_back
479,376,1,0,1,0,0,not_follow_back
2585,2,2,1,1,0,1,not_follow_back
1840,2899,0,1,1,1,0,follow_back
3271,438,1,1,1,0,0,not_follow_back
1924,2018,1,1,0,0,0,follow_back
2290,3290,1,1,0,1,0,follow_back
1121,1642,1,0,1,1,0,follow_back
2659,1512,0,1,1,0,0,not_follow_back
2791,1518,0,1,0,1,0,not_follow_back
2810,2775,2,0,1,0,1,not_follow_back
1944,874,2,1,1,0,0,not_follow_back
207,2532,1,0,1,1,0,follow_back
1873,1661,2,1,1,1,0,not_follow_back
1525,3992,0,0,0,1,0,follow_back
2553,718,1,0,1,0,1,not_follow_back
52,2318,0,0,1,0,0,follow_back
3967,334,0,0,1,1,0,not_follow_back
2195,732,1,0,0,1,1,not_follow_back
3104,1176,2,0,0,0,1,not_follow_back
1706,1364,1,1,1,1,0,not_follow_back
3407,3366,0,0,0,0,1,not_follow_back
3114,3945,2,0,0,1,0,follow_back
2075,807,2,0,1,0,1,not_follow_back
796,2148,1,0,1,1,0,follow_back
1385,1467,0,1,0,1,0,follow_back
1120,1969,2,1,1,0,0,follow_back
1135,2700,1,0,1,0,0,follow_back
2824,3290,0,0,0,1,0,follow_back
1284,1987,0,0,0,0,0,follow_back
423,1891,0,0,0,1,0,follow_back
1660,118,0,1,1,0,1,not_follow_back
371,2451,0,0,1,1,0,follow_back
3627,1166,2,0,0,1,1,not_follow_back
1547,3606,0,0,1,0,0,follow_back
2689,1493,2,1,0,1,0,not_follow_back
1969,2713,2,1,0,0,0,follow_back
891,23,0,1,0,0,0,not_follow_back
3755,3853,1,1,0,1,0,follow_back
1155,181,2,1,0,0,1,not_follow_back
2359,2367,1,0,1,1,0,follow_back
1765,680,2,0,1,1,1,not_follow_back
2078,3774,0,1,1,0,0,follow_back
127,3163,2,0,1,0,0,follow_back
2359,1571,1,1,1,0,1,not_follow_back
782,3125,2,1,1,1,0,follow_back
645,1468,2,1,0,1,0,follow_back
2928,1617,0,1,0,0,1,not_follow_back
3072,1316,2,0,0,0,0,not_follow_back
1965,2873,2,0,0,0,0,follow_back
2732,1868,0,1,1,1,1,not_follow_back
1443,2225,0,0,1,0,0,follow_back
3107,2624,2,0,0,0,0,not_follow_back
1727,678,1,0,1,0,1,not_follow_back
3788,3964,0,1,0,1,0,follow_back
2669,2117,2,1,0,1,0,not_follow_back
3189,1641,1,0,1,1,1,not_follow_back
2784,3489,1,1,0,0,0,follow_back
3618,1097,2,1,0,0,1,not_follow_back
455,3252,1,1,0,0,0,follow_back
2583,1380,0,1,0,1,1,not_follow_back
3179,3389,1,0,0,0,0,follow_back
147,3122,1,0,0,0,0,follow_back
3640,2777,2,0,1,0,1,not_follow_back
445,264,0,1,1,0,0,not_follow_back
363,2384,2,0,0,0,0,follow_back
1736,1393,2,0,1,0,0,not_follow_back
1148,2035,1,1,1,1,0,follow_back
667,3378,1,1,0,0,0,follow_back
2376,502,2,0,0,0,0,not_follow_back
1010,3645,1,1,1,1,0,follow_back
3010,1723,2,1,1,0,1,not_follow_back
2517,1597,2,0,0,1,1,not_follow_back
252,3551,2,1,0,0,0,follow_back
3298,2363,0,0,1,0,1,not_follow_back
1680,3795,2,1,1,0,0,follow_back
3761,3215,2,0,1,1,0,not_follow_back
2244,3225,0,1,1,0,0,follow_back
1908,338,0,0,0,1,0,not_follow_back
2085,3198,0,1,0,0,0,follow_back
910,3760,1,0,0,0,0,follow_back
494,1676,1,1,0,1,0,follow_back
3268,2844,1,0,0,0,0,not_follow_back
1262,2205,0,1,0,0,0,follow_back
1765,3082,2,1,1,0,0,follow_back
2293,3837,0,1,1,1,0,follow_back
3733,2969,0,0,0,1,0,not_follow_back
3285,2553,2,1,0,1,0,not_follow_back
1736,3125,0,0,1,0,0,follow_back
2038,439,0,1,1,1,1,not_follow_back
3923,1999,2,1,0,0,0,not_follow_back
2287,2208,1,1,0,1,0,not_follow_back
2971,1363,2,0,1,0,0,not_follow_back
2587,2609,0,0,0,0,0,follow_back
1500,2738,2,0,0,0,0,follow_back
2982,108,2,0,1,1,0,not_follow_back
1502,3020,1,1,1,0,0,follow_back
242,3447,1,0,0,1,0,follow_back
1435,3437,0,0,1,0,0,follow_back
754,3067,2,1,1,0,0,follow_back
608,2418,2,1,1,0,0,follow_back
1283,2641,1,1,1,1,0,follow_back
3278,821,2,1,0,0,1,not_follow_back
1808,3835,1,0,1,1,0,follow_back
1429,1854,1,1,1,0,0,follow_back
1280,2863,0,1,1,1,0,follow_back
259,3355,2,1,0,1,0,follow_back
2185,385,2,0,1,0,1,not_follow_back
3876,3529,1,1,0,1,1,not_follow_back
3515,3249,2,1,1,0,1,not_follow_back
2111,1211,0,1,1,0,0,not_follow_back
3760,2503,2,0,1,1,0,not_follow_back
2168,2376,2,0,0,0,0,follow_back
1446,534,1,1,1,1,0,not_follow_back
365,1288,2,0,0,0,0,follow_back
3023,2816,0,0,1,1,0,not_follow_back
1606,317,2,0,1,1,1,not_follow_back
2650,910,0,1,0,1,0,not_follow_back
2251,1009,0,1,0,0,1,not_follow_back
1217,58,1,0,0,0,1,not_follow_back
2269,2241,0,0,0,1,1,not_follow_back
640,3447,0,0,0,0,0,follow_back
3871,2473,0,0,1,1,0,not_follow_back
2412,2950,1,0,0,0,0,follow_back
2240,1641,1,0,0,0,1,not_follow_back
3889,2638,1,1,0,0,0,not_follow_back
421,1504,0,0,0,1,0,follow_back
2700,3696,1,1,0,0,0,follow_back
1261,1779,0,0,0,1,0,follow_back
3766,2292,2,0,0,0,1,not_follow_back
1693,3949,1,1,1,0,0,follow_back
1732,2462,2,0,0,0,0,follow_back
2518,1682,2,0,1,0,0,not_follow_back
2568,3395,1,1,0,1,0,follow_back
1607,1130,2,1,0,1,0,not_follow_back
1409,3557,0,0,1,1,0,follow_back
2226,2969,0,1,1,1,0,follow_back
2459,2390,2,1,1,0,1,not_follow_back
1262,3509,0,0,1,0,0,follow_back
3076,2400,2,1,1,1,1,not_follow_back
331,747,2,0,1,1,0,follow_back
678,2875,1,0,1,0,0,follow_back
278,3716,1,1,1,1,0,follow_back
3124,3512,1,1,1,0,0,follow_back
764,1783,0,1,0,1,0,follow_back
932,2969,0,0,0,1,0,follow_back
1123,3296,2,1,1,0,0,follow_back
2355,562,0,1,0,0,0,not_follow_back
2958,407,0,1,0,1,1,not_follow_back
745,3091,1,0,1,1,0,follow_back
2770,1722,1,1,1,0,0,not_follow_back
3524,1532,2,1,0,0,0,not_follow_back
1744,3080,1,0,1,0,0,follow_back
3566,1733,0,1,0,0,1,not_follow_back
852,2837,1,1,0,0,0,follow_back
2390,2705,2,1,1,1,0,follow_back
185,2887,1,0,1,1,0,follow_back
2720,1872,2,1,0,1,1,not_follow_back
400,1603,2,0,1,1,0,follow_back
3178,1453,0,1,1,0,0,not_follow_back
1666,260,1,0,0,1,1,not_follow_back
1788,520,1,1,0,0,1,not_follow_back
3641,1628,0,0,0,1,1,not_follow_back
1014,210,2,1,1,1,0,not_follow_back
550,3383,1,1,0,1,0,follow_back
2163,810,0,1,0,1,0,not_follow_back
2355,1716,0,1,0,1,1,not_follow_back
602,3685,2,1,1,1,0,follow_back
2094,116,1,0,1,0,0,not_follow_back
3550,1451,0,1,0,1,1,not_follow_back
3118,2584,1,0,1,0,0,not_follow_back
2069,82,2,0,0,1,0,not_follow_back
68,581,1,1,0,0,0,follow_back
2551,3178,1,1,1,1,0,follow_back
1013,2162,2,1,1,1,0,follow_back
1719,2445,2,1,1,0,0,follow_back
345,1323,2,1,1,0,0,follow_back
2031,2438,0,1,0,1,0,follow_back
1953,3841,0,1,0,0,0,follow_back
1203,2629,0,1,0,1,0,follow_back
1693,2875,1,0,1,0,0,follow_back
1324,1402,0,0,1,0,0,follow_back
414,834,1,0,1,1,0,follow_back
913,2833,1,0,1,0,0,follow_back
3941,1252,1,0,1,0,1,not_follow_back
2200,1219,0,0,1,0,1,not_follow_back
899,2984,0,1,0,1,0,follow_back
3487,378,0,1,1,1,0,not_follow_back
2251,266,2,1,1,0,1,not_follow_back
1114,1882,1,0,1,0,0,follow_back
1715,2531,0,0,1,0,0,follow_back
1865,2955,0,1,0,1,0,follow_back
2411,638,0,0,0,0,0,not_follow_back
2218,2823,1,1,0,1,0,follow_back
1062,1081,1,1,0,0,0,follow_back
342,3365,1,1,1,1,0,follow_back
2394,3116,0,0,1,0,0,follow_back
3846,1876,0,1,1,1,0,not_follow_back
149,2871,1,0,1,0,0,follow_back
3861,1025,0,1,1,0,0,not_follow_back
1695,3992,2,0,0,0,0,follow_back
1671,1692,2,0,0,0,0,follow_back
2809,1117,2,1,1,0,0,not_follow_back
1733,2769,1,0,0,1,0,follow_back
3337,189,0,1,1,1,0,not_follow_back
3088,195,2,1,0,1,0,not_follow_back
213,2558,0,1,0,1,0,follow_back
1085,72,2,0,0,0,1,not_follow_back
3097,2392,1,1,0,1,0,not_follow_back
3311,2715,0,0,1,1,1,not_follow_back
3803,3989,0,1,0,1,0,follow_back
487,2094,2,1,1,0,0,follow_back
1098,3561,0,0,0,0,0,follow_back
1873,3592,2,1,0,1,0,follow_back
2875,3343,1,1,1,1,0,follow_back
1675,3022,1,0,1,1,0,follow_back
3957,442,0,0,0,0,1,not_follow_back
2384,2713,2,0,1,0,0,follow_back
1329,1738,2,0,0,1,0,follow_back
3258,3907,1,1,0,1,0,follow_back
396,929,2,0,1,0,0,follow_back
3637,2951,0,0,0,1,1,not_follow_back
1286,2716,0,0,1,1,0,follow_back
3787,1047,1,1,0,1,1,not_follow_back
1886,3977,0,1,1,1,0,follow_back
3526,3662,1,1,1,0,0,follow_back
622,3648,2,0,1,1,0,follow_back
915,2664,0,1,0,0,0,follow_back
1717,1283,2,1,1,1,1,not_follow_back
450,746,1,1,1,1,0,follow_back
1877,182,0,0,1,1,0,not_follow_back
3885,1528,2,0,1,1,0,not_follow_back
890,3893,1,1,0,0,0,follow_back
3341,2997,1,1,1,1,0,not_follow_back
66,924,0,0,1,0,0,follow_back
1525,918,2,1,0,1,1,not_follow_back
1015,569,2,0,1,0,0,not_follow_back
1980,1182,2,1,1,1,1,not_follow_back
2307,3470,0,0,0,1,0,follow_back
2318,3699,0,1,0,1,0,follow_back
3926,191,2,1,0,0,1,not_follow_back
706,863,1,1,1,0,0,follow_back
2758,1973,0,0,0,1,0,not_follow_back
409,2144,1,1,1,0,0,follow_back
3585,947,2,0,0,0,1,not_follow_back
77,105,0,0,0,0,0,follow_back
3583,334,1,0,1,1,1,not_follow_back
1292,2700,1,1,0,1,0,follow_back
1006,1885,0,1,1,0,0,follow_back
1715,1546,0,1,0,1,1,not_follow_back
931,2003,2,0,0,0,0,follow_back
70,3753,0,0,1,1,0,follow_back
3806,2180,0,0,1,1,0,not_follow_back
3596,1642,0,1,0,1,0,not_follow_back
34,724,0,0,0,0,0,follow_back
3834,3818,1,1,0,1,0,not_follow_back
2185,3826,2,1,0,1,0,follow_back
2762,469,2,1,1,0,0,not_follow_back
3696,2795,1,1,0,0,1,not_follow_back
828,781,2,1,0,0,1,not_follow_back
1692,464,1,1,0,0,0,not_follow_back
2554,90,2,1,0,1,1,not_follow_back
1485,59,0,0,0,0,1,not_follow_back
2737,2007,2,1,1,0,0,not_follow_back
3710,1859,2,0,0,0,1,not_follow_back
557,115,1,0,0,0,1,not_follow_back
1314,1766,2,1,1,1,0,follow_back
1460,2053,1,0,0,0,0,follow_back
357,1593,0,0,1,0,0,follow_back
980,3050,1,0,1,0,0,follow_back
3681,1705,1,1,0,0,1,not_follow_back
2389,967,0,0,1,0,1,not_follow_back
3597,2238,1,0,0,0,0,not_follow_back
1441,2682,0,1,0,1,0,follow_back
3426,3674,0,0,0,1,0,follow_back
1495,952,2,1,0,1,1,not_follow_back
1390,3617,1,0,1,0,0,follow_back
1444,1079,0,1,0,0,1,not_follow_back
3018,1064,2,1,1,0,0,not_follow_back
2677,1063,0,0,0,1,1,not_follow_back
2046,1436,2,0,1,1,0,not_follow_back
1711,355,0,0,1,0,1,not_follow_back
562,3016,0,0,1,1,0,follow_back
3717,45,2,0,0,1,0,not_follow_back
400,2804,0,0,0,0,0,follow_back
1348,2674,0,1,1,1,0,follow_back
340,3637,2,0,1,1,0,follow_back
3070,578,2,1,0,0,1,not_follow_back
2039,2515,0,0,1,1,0,follow_back
1925,3651,0,1,0,0,0,follow_back
472,3220,2,1,1,1,0,follow_back
2544,1800,0,0,1,1,0,not_follow_back
1712,361,2,0,1,0,0,not_follow_back
2192,2535,0,1,0,0,0,follow_back
797,3636,0,1,0,1,0,follow_back
254,1892,0,0,1,0,0,follow_back
3554,2755,2,1,0,1,0,not_follow_back
3477,243,2,1,1,1,1,not_follow_back
3770,1900,0,0,1,1,0,not_follow_back
275,378,2,0,1,1,0,follow_back
2554,2739,2,0,0,0,0,follow_back
3983,677,0,1,1,1,0,not_follow_back
3972,1298,0,1,0,1,0,not_follow_back
2246,3680,2,0,1,1,0,follow_back
3562,3978,2,0,0,1,0,follow_back
1616,1492,0,1,0,0,0,not_follow_back
3180,1058,0,0,0,0,0,not_follow_back
2189,677,2,1,1,0,1,not_follow_back
264,211,0,1,0,0,1,not_follow_back
1358,951,0,0,1,0,1,not_follow_back
562,1842,1,0,0,0,0,follow_back
2048,2034,2,1,0,0,1,not_follow_back
339,3331,0,1,1,1,0,follow_back
549,755,2,1,0,1,0,follow_back
40,228,1,1,1,0,0,follow_back
1553,7,1,1,1,0,1,not_follow_back
3906,34,0,1,1,1,0,not_follow_back
2175,1097,1,1,1,1,0,not_follow_back
2863,2048,2,0,0,0,0,not_follow_back
1809,1680,1,0,0,1,0,not_follow_back
1850,1135,1,0,1,1,1,not_follow_back
3606,713,0,1,0,0,1,not_follow_back
2114,581,1,1,0,0,0,not_follow_back
2882,2800,0,0,1,1,0,not_follow_back
1389,25,1,0,0,0,1,not_follow_back
1020,3160,2,0,1,1,0,follow_back
764,389,2,1,0,1,1,not_follow_back
788,820,1,0,0,0,0,follow_back
3649,2454,2,0,1,1,0,not_follow_back
769,1114,0,1,0,0,0,follow_back
575,3177,1,0,1,0,0,follow_back
2560,3863,2,0,0,0,0,follow_back
14,475,0,0,0,1,0,follow_back
2559,3763,2,0,1,1,0,follow_back
2619,2334,1,0,0,0,1,not_follow_back
2716,3910,2,0,0,1,0,follow_back
1752,3949,0,0,1,0,0,follow_back
1130,49,0,0,1,1,1,not_follow_back
2708,3757,0,0,0,1,0,follow_back
1652,3223,1,1,1,1,0,follow_back
2671,2334,2,1,0,0,1,not_follow_back
2894,1798,0,0,0,1,1,not_follow_back
1753,2496,1,0,0,0,0,follow_back
100,2308,2,0,1,1,0,follow_back
520,352,2,0,0,0,1,not_follow_back
3905,36,0,1,1,1,1,not_follow_back
1700,2067,0,1,0,0,0,follow_back
677,2000,1,1,1,1,0,follow_back
2168,2169,2,0,1,0,0,follow_back
3021,1930,0,1,1,1,1,not_follow_back
3090,1183,2,1,0,0,1,not_follow_back
1429,1894,1,1,1,0,0,follow_back
1869,3046,1,0,1,0,0,follow_back
828,317,1,1,1,1,1,not_follow_back
1500,1880,2,1,0,1,0,follow_back
2819,1534,2,0,1,0,0,not_follow_back
3242,1527,0,1,1,0,0,not_follow_back
3673,3613,1,0,1,0,0,not_follow_back
3924,3480,2,1,0,0,1,not_follow_back
1233,2977,2,0,1,1,0,follow_back
2327,2618,1,0,1,0,0,follow_back
714,3145,2,0,1,1,0,follow_back
2482,2065,2,0,0,1,0,not_follow_back
2409,996,1,1,0,0,0,not_follow_back
2370,3821,1,1,0,0,0,follow_back
503,2313,2,1,1,1,0,follow_back
700,1116,2,0,1,1,0,follow_back
773,957,2,1,0,1,0,follow_back
2549,3991,2,0,1,0,0,follow_back
3521,3661,0,1,0,0,0,follow_back
3789,1024,1,0,1,0,0,not_follow_back
25,2127,2,0,0,1,0,follow_back
3248,1061,2,0,1,1,0,not_follow_back
3577,2436,1,1,0,0,0,not_follow_back
1540,3033,2,1,0,1,0,follow_back
1195,3920,2,1,1,0,0,follow_back
3731,3123,1,0,0,1,0,not_follow_back
3115,2462,2,1,1,1,1,not_follow_back
2951,3545,1,1,0,0,0,follow_back
1024,3238,1,0,0,0,0,follow_back
573,1573,2,1,1,1,0,follow_back
221,1888,1,0,1,1,0,follow_back
863,1846,0,0,0,0,0,follow_back
1645,2860,2,0,0,0,0,follow_back
1915,1690,0,0,1,0,1,not_follow_back
1965,3266,1,0,0,1,0,follow_back
492,1174,2,1,0,1,0,follow_back
2569,1996,1,0,0,1,0,not_follow_back
556,2733,1,1,1,0,0,follow_back
1329,3876,0,0,1,0,0,follow_back
2360,1658,0,1,1,1,1,not_follow_back
3976,217,2,1,1,0,1,not_follow_back
1090,484,2,1,0,0,0,not_follow_back
2377,957,0,0,1,1,1,not_follow_back
1120,2092,1,1,1,1,0,follow_back
2368,2433,0,1,1,1,0,follow_back
2747,106,1,0,0,1,0,not_follow_back
2925,1938,2,0,0,0,0,not_follow_back
1110,3682,0,1,1,1,0,follow_back
2485,1829,2,0,0,1,1,not_follow_back
1624,1630,2,1,0,0,0,follow_back
2417,83,2,0,0,1,1,not_follow_back
2925,331,1,1,1,1,1,not_follow_back
3977,2148,0,1,1,1,1,not_follow_back
2566,1415,1,1,1,1,0,not_follow_back
1990,1467,2,1,0,0,1,not_follow_back
1608,2426,2,1,0,0,0,follow_back
3397,1720,1,0,1,0,0,not_follow_back
3211,137,1,0,1,1,0,not_follow_back
2603,3522,1,0,0,0,0,follow_back
3248,1526,0,1,0,0,0,not_follow_back
2560,2984,1,0,1,1,0,follow_back
2536,3071,2,1,0,0,0,follow_back
2451,3832,1,0,0,0,0,follow_back
2689,2450,1,1,1,0,0,not_follow_back
3687,1401,2,1,1,1,0,not_follow_back
2143,49,0,1,1,1,0,not_follow_back
1774,3250,2,0,0,0,0,follow_back
1862,1291,2,0,1,1,0,not_follow_back
2680,3570,2,0,1,0,0,follow_back
2089,2105,1,1,0,0,0,follow_back
3576,2172,1,1,1,0,0,not_follow_back
363,1850,2,0,0,1,0,follow_back
3949,62,0,1,0,0,1,not_follow_back
3934,1792,0,0,0,0,1,not_follow_back
2450,1863,1,1,0,1,1,not_follow_back
946,1011,2,1,0,1,0,follow_back
2932,3837,1,1,1,1,0,follow_back
856,2451,0,0,1,0,0,follow_back
136,1926,1,0,0,1,0,follow_back
1768,3043,1,0,1,0,0,follow_back
1405,64,2,0,1,1,0,not_follow_back
1258,3184,1,1,0,1,0,follow_back
1236,2810,1,1,0,1,0,follow_back
1378,2200,0,0,1,1,0,follow_back
238,24,2,0,1,0,0,not_follow_back
3151,691,2,0,0,1,0,not_follow_back
1347,3161,0,0,1,1,0,follow_back
1656,3635,2,0,1,1,0,follow_back
1339,3060,0,0,0,1,0,follow_back
3406,3635,2,0,0,0,0,follow_back
2473,2542,0,1,1,0,0,follow_back
3254,950,1,1,0,1,1,not_follow_back
3834,3601,0,0,1,1,0,not_follow_back
1597,31,1,1,0,1,1,not_follow_back
3531,3644,1,0,0,1,0,follow_back
3773,2521,1,0,1,0,1,not_follow_back
2002,2257,0,0,1,1,0,follow_back
66,3575,0,1,1,0,0,follow_back
3579,3135,2,1,0,1,1,not_follow_back
47,3428,2,0,0,0,0,follow_back
27,3512,1,0,1,1,0,follow_back
3728,871,1,1,1,1,1,not_follow_back
633,3673,0,1,0,0,0,follow_back
438,1412,0,1,0,1,0,follow_back
756,777,2,0,0,0,0,follow_back
3709,789,2,0,0,0,1,not_follow_back
2418,1823,0,1,0,1,1,not_follow_back
1002,3102,1,0,0,1,0,follow_back
2497,1747,0,0,1,0,0,not_follow_back
658,1377,1,1,0,0,0,follow_back
3968,2591,2,1,0,1,0,not_follow_back
963,2314,0,0,1,1,0,follow_back
1156,1198,0,0,1,1,0,follow_back
701,2294,2,1,0,1,0,follow_back
2889,3725,2,1,1,0,0,follow_back
1511,2873,1,0,0,1,0,follow_back
2569,1261,1,1,0,0,1,not_follow_back
3282,1159,1,0,1,0,1,not_follow_back
787,3691,2,0,0,0,0,follow_back
3780,814,1,1,0,1,1,not_follow_back
3142,1393,1,1,0,0,1,not_follow_back
2441,3420,2,1,1,1,0,follow_back
3042,1672,2,0,1,0,1,not_follow_back
2839,966,1,0,1,1,1,not_follow_back
2892,319,0,1,1,1,0,not_follow_back
3713,713,1,1,0,0,0,not_follow_back
2236,1892,0,1,1,1,1,not_follow_back
192,2668,2,0,1,0,0,follow_back
616,2380,2,0,1,0,0,follow_back
2562,1803,2,1,1,1,0,not_follow_back
3941,739,1,0,0,0,1,not_follow_back
2135,1145,2,0,1,1,1,not_follow_back
184,1338,0,0,0,0,0,follow_back
2985,568,0,0,0,1,1,not_follow_back
2898,2423,0,1,0,0,1,not_follow_back
624,1499,0,0,0,1,0,follow_back
1596,2453,0,1,1,1,0,follow_back
1587,2692,1,0,1,1,0,follow_back
68,2401,1,0,0,1,0,follow_back
1061,2897,0,1,0,1,0,follow_back
393,20,0,0,0,1,0,not_follow_back
683,1035,0,1,1,0,0,follow_back
386,730,1,1,1,0,0,follow_back
1270,2388,2,1,0,1,0,follow_back
24,3152,1,1,1,0,0,follow_back
3571,2977,0,0,0,0,1,not_follow_back
3713,1556,2,1,1,0,0,not_follow_back
1852,2276,0,0,0,1,0,follow_back
1700,704,1,1,0,0,1,not_follow_back
1620,3806,1,0,0,1,0,follow_back
2413,3578,2,0,1,0,0,follow_back
3872,962,1,0,0,0,1,not_follow_back
1262,3349,1,0,1,0,0,follow_back
3933,86,1,0,1,1,0,not_follow_back
2246,2679,1,0,1,0,0,follow_back
349,2265,0,0,0,0,0,follow_back
1427,3376,2,1,0,1,0,follow_back
350,2896,2,0,1,1,0,follow_back
1310,3884,2,0,0,0,0,follow_back
1780,2102,1,0,1,1,0,follow_back
720,154,0,1,1,0,1,not_follow_back
2956,3720,1,1,0,1,0,follow_back
3991,1135,1,0,0,0,0,not_follow_back
620,1506,0,0,0,0,0,follow_back
1813,3968,0,1,0,1,0,follow_back
3479,2100,1,1,0,0,0,not_follow_back
1536,3355,2,1,0,0,0,follow_back
1428,508,1,0,1,0,0,not_follow_back
278,1509,2,0,1,0,0,follow_back
1915,2261,1,1,1,0,0,follow_back
563,1644,2,0,0,1,0,follow_back
3097,1088,0,1,1,0,1,not_follow_back
799,3533,0,0,0,1,0,follow_back
1325,569,2,0,0,0,0,not_follow_back
3364,3310,1,1,1,1,1,not_follow_back
2600,1655,2,0,1,0,1,not_follow_back
3705,572,2,1,0,0,1,not_follow_back
1200,409,2,1,0,0,1,not_follow_back
998,1413,1,1,0,1,0,follow_back
3387,133,0,1,0,1,0,not_follow_back
2806,3089,1,0,0,1,0,follow_back
3471,1294,0,0,0,0,0,not_follow_back
649,3354,2,1,1,1,0,follow_back
1204,1412,2,0,0,1,0,follow_back
401,352,0,0,1,0,1,not_follow_back
533,487,2,0,0,1,1,not_follow_back
3596,1450,0,0,0,0,0,not_follow_back
2209,87,0,0,0,0,1,not_follow_back
3781,3215,0,1,0,0,1,not_follow_back
3188,1300,0,1,1,0,1,not_follow_back
2185,2227,0,1,0,1,0,follow_back
3727,822,1,0,0,1,1,not_follow_back
3854,1251,1,0,0,0,1,not_follow_back
1459,3167,2,0,0,0,0,follow_back
1275,1394,2,0,0,1,0,follow_back
3023,617,2,0,1,1,0,not_follow_back
115,594,2,1,1,0,0,follow_back
3722,725,1,1,0,1,0,not_follow_back
1565,893,1,0,1,0,1,not_follow_back
651,2842,0,1,0,0,0,follow_back
592,896,0,0,0,1,0,follow_back
518,1018,0,1,1,0,0,follow_back
1147,494,2,1,0,0,0,not_follow_back
3831,2932,1,0,0,0,0,not_follow_back
1342,2268,1,1,1,1,0,follow_back
3840,809,2,0,1,0,0,not_follow_back
2696,3354,2,1,0,0,0,follow_back
1354,1952,2,1,1,1,0,follow_back
2523,3814,0,0,0,1,0,follow_back
1762,1446,1,0,0,1,0,not_follow_back
2007,1884,1,0,0,0,0,not_follow_back
216,2636,2,0,1,0,0,follow_back
3833,641,2,0,1,1,1,not_follow_back
1324,3324,0,0,1,0,0,follow_back
3964,387,2,1,0,0,0,not_follow_back
1024,817,1,0,0,1,0,not_follow_back
3556,1510,2,1,1,0,1,not_follow_back
429,2351,2,1,0,1,0,follow_back
406,1630,0,0,0,0,0,follow_back
3189,497,1,1,1,1,1,not_follow_back
934,3888,1,0,1,1,0,follow_back
848,3351,1,1,0,1,0,follow_back
1904,2001,2,0,1,1,0,follow_back
2276,400,0,0,1,0,1,not_follow_back
1795,60,1,0,1,0,0,not_follow_back
1435,2426,2,1,0,0,0,follow_back
1392,3239,0,1,1,0,0,follow_back
3779,1910,2,0,0,1,1,not_follow_back
886,2422,2,0,1,0,0,follow_back
525,406,1,0,1,1,1,not_follow_back
724,3276,2,1,0,0,0,follow_back
3933,1813,1,1,1,1,1,not_follow_back
2838,3844,2,0,0,0,0,follow_back
2515,1679,0,0,1,1,1,not_follow_back
1591,3797,1,1,1,0,0,follow_back
2889,1385,1,0,1,0,0,not_follow_back
319,347,0,0,0,0,0,follow_back
2828,887,0,1,1,1,1,not_follow_back
1864,3251,0,0,1,0,0,follow_back
2269,460,1,0,0,0,0,not_follow_back
3596,3187,0,0,1,1,0,not_follow_back
1953,2733,0,1,0,0,0,follow_back
750,2969,1,0,0,0,0,follow_back
659,1710,1,1,1,1,0,follow_back
3122,2403,2,0,0,0,1,not_follow_back
680,1815,1,0,0,1,0,follow_back
1375,657,1,1,0,0,1,not_follow_back
361,2039,1,1,1,1,0,follow_back
2484,1939,1,1,1,0,0,not_follow_back
2000,2895,1,1,1,0,0,follow_back
652,1502,1,0,0,1,0,follow_back
2776,1201,1,1,0,0,0,not_follow_back
569,1175,1,0,1,0,0,follow_back
3496,3004,0,1,1,0,1,not_follow_back
2248,338,2,0,0,0,0,not_follow_back
3292,638,2,0,1,1,0,not_follow_back
1532,1640,2,0,0,0,0,follow_back
1037,2176,2,1,0,1,0,follow_back
1047,2292,0,1,1,0,0,follow_back
1591,3712,0,1,1,0,0,follow_back
3212,2232,2,1,0,0,1,not_follow_back
304,3082,1,1,1,1,0,follow_back
2939,335,0,0,1,1,0,not_follow_back
2607,1750,2,1,0,0,1,not_follow_back
1142,999,1,0,1,1,0,not_follow_back
2909,1652,0,0,1,0,0,not_follow_back
2821,3536,0,0,1,0,0,follow_back
2514,612,1,0,1,1,1,not_follow_back
2699,1161,2,0,0,0,0,not_follow_back
2904,182,2,1,1,1,0,not_follow_back
3187,1827,2,1,0,1,0,not_follow_back
3146,70,2,0,1,0,1,not_follow_back
618,589,0,1,1,1,0,not_follow_back
402,2678,1,1,1,1,0,follow_back
1965,2638,0,0,1,1,0,follow_back
3772,395,1,0,1,0,1,not_follow_back
1497,731,0,0,1,1,0,not_follow_back
162,3134,1,0,0,1,0,follow_back
289,3661,1,0,0,1,0,follow_back
1108,1489,0,1,0,1,0,follow_back
2886,2835,1,0,1,1,0,not_follow_back
1401,1539,2,0,0,0,0,follow_back
644,3027,2,1,0,0,0,follow_back
3393,2983,0,0,0,1,1,not_follow_back
3864,3909,2,0,1,1,0,follow_back
3755,760,1,0,0,0,0,not_follow_back
2135,3592,0,1,1,0,0,follow_back
30,3694,1,0,0,1,0,follow_back
880,524,1,1,1,1,1,not_follow_back
3712,3639,2,0,0,1,0,not_follow_back
3374,1965,1,0,1,0,0,not_follow_back
2145,3738,1,0,0,1,0,follow_back
1605,3222,1,1,0,0,0,follow_back
1465,650,0,0,1,0,1,not_follow_back
1803,2648,2,0,1,0,0,follow_back
1112,176,2,1,0,0,1,not_follow_back
2912,1785,2,0,1,1,0,not_follow_back
2666,1543,1,0,1,1,1,not_follow_back
2166,3124,1,1,0,0,0,follow_back
2185,30,0,0,1,0,0,not_follow_back
1609,2854,1,0,0,0,0,follow_back
6,3034,1,1,0,0,0,follow_back
798,1419,2,1,1,0,0,follow_back
2137,1525,0,1,0,1,1,not_follow_back
1144,1381,0,0,0,0,0,follow_back
2094,3713,1,1,1,1,0,follow_back
2501,3946,2,0,1,1,0,follow_back
2385,1753,2,1,0,1,0,not_follow_back
2118,1249,1,1,1,0,0,not_follow_back
1812,820,1,0,0,1,0,not_follow_back
3566,1750,0,0,0,0,0,not_follow_back
3512,3600,2,0,0,1,0,follow_back
2268,747,1,0,0,1,0,not_follow_back
3884,730,2,1,1,1,0,not_follow_back
3811,3128,2,0,1,1,0,not_follow_back
3934,1530,0,1,1,0,1,not_follow_back
3725,1528,2,0,0,0,1,not_follow_back
951,2871,2,1,1,1,0,follow_back
651,2361,0,1,0,0,0,follow_back
3068,3753,0,1,0,1,0,follow_back
1821,1240,0,0,1,1,0,not_follow_back
202,1698,0,1,0,1,0,follow_back
1158,1464,0,0,1,0,0,follow_back
912,2627,1,1,1,1,0,follow_back
978,246,1,0,1,1,0,not_follow_back
1368,39,0,0,0,0,0,not_follow_back
258,2804,2,1,1,0,0,follow_back
2086,2382,1,0,1,0,0,follow_back
425,986,2,0,0,1,0,follow_back
3079,726,0,0,1,0,0,not_follow_back
2709,601,2,0,1,1,1,not_follow_back
12,1946,0,1,1,1,0,follow_back
206,1584,2,1,1,0,0,follow_back
251,3214,0,0,0,0,0,follow_back
801,518,2,1,1,1,1,not_follow_back
1698,2443,1,0,1,1,0,follow_back
2151,1660,2,1,0,1,0,not_follow_back
2554,2499,2,1,0,1,0,not_follow_back
1016,2502,1,1,0,0,0,follow_back
2541,3785,2,0,0,1,0,follow_back
1281,2523,2,0,0,1,0,follow_back
2354,2279,1,0,0,0,0,not_follow_back
2073,1541,0,1,0,1,1,not_follow_back
1848,3109,0,0,0,1,0,follow_back
2978,3607,1,0,0,1,0,follow_back
476,2909,1,0,0,0,0,follow_back
2731,2071,1,1,1,1,0,not_follow_back
1164,1081,2,1,1,1,1,not_follow_back
3920,1779,2,0,0,0,1,not_follow_back
3626,3722,0,0,0,0,0,follow_back
1436,3170,1,1,1,1,0,follow_back
2339,387,2,1,1,0,0,not_follow_back
362,485,1,0,0,0,0,follow_back
701,3855,0,1,1,1,0,follow_back
2922,3019,0,1,1,1,0,follow_back
2626,220,1,0,0,1,0,not_follow_back
2691,2316,1,0,1,1,1,not_follow_back
1670,3452,1,0,1,0,0,follow_back
3290,394,2,1,1,1,0,not_follow_back
454,179,2,1,1,0,1,not_follow_back
3347,3751,0,0,1,0,0,follow_back
2540,860,2,0,1,1,1,not_follow_back
3381,2806,0,1,1,1,1,not_follow_back
3871,1178,2,0,1,1,0,not_follow_back
3407,3740,2,1,0,1,0,follow_back
3025,3814,2,1,0,1,0,follow_back
617,898,0,0,0,0,0,follow_back
1154,2046,2,0,0,1,0,follow_back
2352,2099,0,1,0,0,0,not_follow_back
3130,3734,0,0,0,0,0,follow_back
1036,3844,0,0,1,0,0,follow_back
3187,658,0,1,0,1,0,not_follow_back
410,2043,1,1,1,1,0,follow_back
2943,2642,1,1,0,1,1,not_follow_back
2965,3486,1,1,1,0,0,follow_back
3550,2577,2,1,0,1,1,not_follow_back
664,2778,1,1,1,0,0,follow_back
3448,1386,2,0,1,0,0,not_follow_back
788,1098,2,1,0,0,0,follow_back
2127,2676,2,1,1,1,0,follow_back
453,3756,2,1,1,1,0,follow_back
3944,17,2,1,1,1,1,not_follow_back
2609,2462,0,0,1,0,1,not_follow_back
3091,2891,2,0,1,1,1,not_follow_back
3605,2357,1,1,1,1,1,not_follow_back
2200,2962,1,1,0,0,0,follow_back
1504,283,0,0,0,1,0,not_follow_back
625,2701,2,1,1,0,0,follow_back
1273,2106,2,0,0,0,0,follow_back
2205,3,1,0,1,0,0,not_follow_back
1674,1995,2,1,1,0,0,follow_back
91,3736,0,1,0,1,0,follow_back
1102,3125,1,0,1,1,0,follow_back
3225,3542,1,1,0,1,0,follow_back
2529,3003,2,0,0,1,0,follow_back
2759,697,0,0,1,1,0,not_follow_back
1996,3454,1,0,0,0,0,follow_back
3759,3482,2,0,0,0,0,not_follow_back
2027,3450,2,0,0,1,0,follow_back
1669,3892,2,1,1,1,0,follow_back
2355,3963,1,1,1,1,0,follow_back
1675,2036,2,1,1,0,0,follow_back
819,1113,1,0,1,1,0,follow_back
3438,3901,1,0,0,1,0,follow_back
2542,1984,2,1,0,1,1,not_follow_back
3135,3519,0,0,1,1,0,follow_back
3732,1484,1,0,0,0,1,not_follow_back
816,3268,0,1,1,0,0,follow_back
488,1557,2,0,0,0,0,follow_back
2573,3881,1,0,1,1,0,follow_back
3519,650,2,1,0,1,0,not_follow_back
1203,1370,2,1,0,0,0,follow_back
390,1314,2,1,0,1,0,follow_back
3968,1038,0,0,1,1,0,not_follow_back
2266,3626,2,0,0,0,0,follow_back
2523,1752,0,1,1,0,1,not_follow_back
2472,3379,1,1,0,0,0,follow_back
564,2660,1,0,0,1,0,follow_back
1482,521,0,0,0,1,0,not_follow_back
3459,3343,0,0,0,0,1,not_follow_back
561,3267,0,0,1,0,0,follow_back
2242,419,1,0,1,1,0,not_follow_back
3980,2861,2,1,0,1,1,not_follow_back
3801,2775,0,1,1,0,1,not_follow_back
3280,2957,1,1,1,1,0,not_follow_back
1977,3812,2,0,1,1,0,follow_back
1435,657,1,0,1,1,0,not_follow_back
2673,99,2,0,1,0,0,not_follow_back
3246,1009,0,1,1,1,1,not_follow_back
1039,3798,2,1,1,0,0,follow_back
490,3190,0,1,0,1,0,follow_back
122,2516,0,1,1,0,0,follow_back
75,2577,2,0,0,0,0,follow_back
2967,1351,0,1,0,0,1,not_follow_back
1887,1840,0,1,0,1,1,not_follow_back
2645,686,2,1,1,0,0,not_follow_back
2201,3630,2,1,1,0,0,follow_back
2590,1705,2,1,1,1,1,not_follow_back
5,3803,0,1,1,0,0,follow_back
1654,3326,2,1,1,1,0,follow_back
1773,2675,1,1,1,0,0,follow_back
3730,1145,1,0,0,0,1,not_follow_back
2219,210,0,0,1,1,0,not_follow_back
312,2417,1,0,0,0,0,follow_back
422,2881,1,1,0,1,0,follow_back
1456,3606,2,1,0,0,0,follow_back
1246,1216,0,0,0,1,1,not_follow_back
2523,3682,2,0,0,1,0,follow_back
2899,628,2,1,0,0,1,not_follow_back
1496,1871,1,0,1,1,0,follow_back
1247,1997,0,1,0,1,0,follow_back
2892,1602,1,0,0,0,1,not_follow_back
3588,270,2,1,1,1,0,not_follow_back
234,3835,1,1,0,1,0,follow_back
1662,1037,1,1,1,0,1,not_follow_back
232,1215,1,0,1,1,0,follow_back
504,2762,2,1,0,1,0,follow_back
1592,438,0,0,0,0,0,not_follow_back
2802,1023,0,1,1,1,1,not_follow_back
561,981,2,0,0,1,0,follow_back
52,3468,1,1,1,1,0,follow_back
3566,3600,1,1,1,1,0,follow_back
1340,333,0,1,1,0,0,not_follow_back
3138,3441,2,1,0,1,0,follow_back
2876,3467,2,1,1,0,0,follow_back
1436,2274,1,0,1,1,0,follow_back
444,1657,2,0,0,0,0,follow_back
178,1841,2,0,0,0,0,follow_back
2738,3920,1,0,0,0,0,follow_back
3215,3113,0,1,0,0,0,not_follow_back
1361,871,0,1,0,0,0,not_follow_back
3588,3246,1,1,0,0,0,not_follow_back
273,2198,0,0,1,0,0,follow_back
2300,3588,2,1,0,0,0,follow_back
1286,3726,0,1,0,1,0,follow_back
489,3688,2,1,1,0,0,follow_back
1107,1745,2,0,0,0,0,follow_back
886,693,2,0,1,0,0,not_follow_back
1450,2459,2,0,1,1,0,follow_back
3602,2705,0,0,1,0,1,not_follow_back
950,3456,2,0,1,0,0,follow_back
2291,3309,0,1,1,0,0,follow_back
1642,1841,2,0,1,0,0,follow_back
855,3035,1,0,1,0,0,follow_back
3438,172,0,1,0,1,1,not_follow_back
183,2596,0,1,0,1,0,follow_back
2645,1696,1,1,0,0,1,not_follow_back
1804,1247,2,0,1,1,1,not_follow_back
1821,1970,1,0,0,0,0,follow_back
535,1130,1,0,0,0,0,follow_back
1036,2200,2,1,1,1,0,follow_back
3108,2392,2,0,0,0,0,not_follow_back
676,3997,2,0,0,0,0,follow_back
2916,430,2,0,0,0,1,not_follow_back
1791,2649,0,1,1,1,0,follow_back
832,3348,1,0,0,1,0,follow_back
2873,2510,1,1,1,0,1,not_follow_back
2269,828,1,0,1,0,1,not_follow_back
708,805,1,0,0,0,0,follow_back
2267,1585,1,0,1,1,1,not_follow_back
3488,701,1,0,1,1,0,not_follow_back
127,1199,2,0,0,0,0,follow_back
139,1527,2,0,0,0,0,follow_back
2826,53,2,1,0,1,0,not_follow_back
3166,1999,1,1,0,0,1,not_follow_back
875,3527,0,0,0,0,0,follow_back
261,2104,1,0,0,1,0,follow_back
2045,3947,0,0,1,0,0,follow_back
1326,2312,0,1,1,1,0,follow_back
2795,1020,0,0,0,0,0,not_follow_back
997,1645,1,0,0,0,0,follow_back
325,2215,2,1,1,0,0,follow_back
888,1837,0,1,0,0,0,follow_back
371,1870,1,1,0,1,0,follow_back
1321,39,0,1,1,1,0,not_follow_back
1826,1497,0,1,0,1,1,not_follow_back
1022,111,1,0,1,1,0,not_follow_back
52,1702,0,1,1,0,0,follow_back
3554,3221,0,0,1,1,0,not_follow_back
1714,3137,1,0,1,0,0,follow_back
1238,2904,0,1,0,0,0,follow_back
2299,1080,1,1,1,0,1,not_follow_back
667,1095,2,1,1,0,0,follow_back
2125,1012,1,1,1,0,1,not_follow_back
112,2536,1,0,1,1,0,follow_back
3274,568,1,0,0,1,0,not_follow_back
952,929,0,0,1,1,1,not_follow_back
3455,2347,0,1,0,1,0,not_follow_back
2872,779,1,1,1,0,0,not_follow_back
124,1458,2,0,1,1,0,follow_back
2219,1097,1,1,0,0,0,not_follow_back
3299,3547,0,0,1,1,0,follow_back
3071,3432,1,0,0,1,0,follow_back
549,3559,2,1,1,0,0,follow_back
3857,1525,0,1,1,1,0,not_follow_back
2198,3076,1,1,1,0,0,follow_back
1252,1813,2,1,0,1,0,follow_back
1332,1764,0,1,1,0,0,follow_back
3905,1296,1,0,1,0,1,not_follow_back
565,3903,0,1,1,1,0,follow_back
654,1809,1,1,0,1,0,follow_back
934,1350,0,1,0,0,0,follow_back
2016,2851,2,0,0,1,0,follow_back
2787,3608,2,1,1,1,0,follow_back
3293,814,0,0,1,0,1,not_follow_back
